{"cameraMode":{"drawMode":0,"name":"Shaded","section":"Shading Mode"},"sceneLighting":false,"audioPlay":false,"sceneViewState":{"m_AlwaysRefresh":false,"showFog":true,"showSkybox":false,"showFlares":true,"showImageEffects":true,"showParticleSystems":true,"showVisualEffectGraphs":true,"m_FxEnabled":true},"in2DMode":false,"pivot":{"x":-0.007078565191477537,"y":0.05430706590414047,"z":0.0068326592445373539},"rotation":{"x":-0.04529380053281784,"y":0.002094535157084465,"z":-0.00009484758629696444,"w":-0.998965322971344},"size":0.39671212434768679,"orthographic":false}