{"cameraMode":{"drawMode":0,"name":"Shaded","section":"Shading Mode"},"sceneLighting":false,"audioPlay":false,"sceneViewState":{"m_AlwaysRefresh":false,"showFog":true,"showSkybox":false,"showFlares":true,"showImageEffects":true,"showParticleSystems":true,"showVisualEffectGraphs":true,"m_FxEnabled":true},"in2DMode":false,"pivot":{"x":-0.047969575971364978,"y":0.5813696980476379,"z":-0.45191389322280886},"rotation":{"x":-0.21607962250709535,"y":-0.009669078513979912,"z":0.002140085445716977,"w":-0.9763194918632507},"size":0.39671212434768679,"orthographic":false}